Handle,Title,Body (HTML),Vendor,Product Category,Type,Tags,Published,Option1 Name,Option1 Value,Variant SKU,Variant Grams,Variant Inventory Tracker,Variant Inventory Policy,Variant Fulfillment Service,Variant Price,Variant Compare At Price,Variant Requires Shipping,Variant Taxable,Image Src,Image Position,Image Alt Text,Status
premium-card-collection-best-selection-vol-6,"Premium Card Collection - Best Selection Vol. 6 - One Piece Card Game","<p>Expand your catalogue with the fantastic Premium Card Collection - Best Selection Vol. 6 from the One Piece Card Game!</p><p>Get ready to play with your favorite characters.</p>",Bandai,Toys & Games > Toys > Collectible Trading Cards,Trading Card Games,"One Piece, TCG, Card Game, New Arrival",TRUE,Title,Default Title,OP-9328,500,shopify,deny,manual,36.55,43.86,TRUE,TRUE,https://cdn.shopify.com/s/files/1/0533/2089/files/placeholder-images-image_large.png,1,"Premium Card Collection - Best Selection Vol. 6",active
double-pack-set-dp-12-8-sets-ingl-s,"Double Pack Set DP-12 (8 sets) Inglés - One Piece Card Game","<p>Expand your catalogue with the fantastic Double Pack Set DP-12 (8 sets) Inglés from the One Piece Card Game!</p><p>Get ready to play with your favorite characters.</p>",Bandai,Toys & Games > Toys > Collectible Trading Cards,Trading Card Games,"One Piece, TCG, Card Game, New Arrival",TRUE,Title,Default Title,OP-9167,500,shopify,deny,manual,46.27,55.52,TRUE,TRUE,https://cdn.shopify.com/s/files/1/0533/2089/files/placeholder-images-image_large.png,1,"Double Pack Set DP-12 (8 sets) Inglés",active
booster-box-display-op-17-24-sobres-ingl-s,"Booster Box Display OP-17 (24 sobres) Inglés - One Piece Card Game","<p>Expand your catalogue with the fantastic Booster Box Display OP-17 (24 sobres) Inglés from the One Piece Card Game!</p><p>Get ready to play with your favorite characters.</p>",Bandai,Toys & Games > Toys > Collectible Trading Cards,Trading Card Games,"One Piece, TCG, Card Game, New Arrival",TRUE,Title,Default Title,OP-5280,500,shopify,deny,manual,39.71,47.65,TRUE,TRUE,https://cdn.shopify.com/s/files/1/0533/2089/files/placeholder-images-image_large.png,1,"Booster Box Display OP-17 (24 sobres) Inglés",active
illustration-box-ib-07-ingl-s,"Illustration Box IB-07 Inglés - One Piece Card Game","<p>Expand your catalogue with the fantastic Illustration Box IB-07 Inglés from the One Piece Card Game!</p><p>Get ready to play with your favorite characters.</p>",Bandai,Toys & Games > Toys > Collectible Trading Cards,Trading Card Games,"One Piece, TCG, Card Game, New Arrival",TRUE,Title,Default Title,OP-5729,500,shopify,deny,manual,20.33,24.40,TRUE,TRUE,https://cdn.shopify.com/s/files/1/0533/2089/files/placeholder-images-image_large.png,1,"Illustration Box IB-07 Inglés",active
illustration-box-ib-08-ingl-s,"Illustration Box IB-08 Inglés - One Piece Card Game","<p>Expand your catalogue with the fantastic Illustration Box IB-08 Inglés from the One Piece Card Game!</p><p>Get ready to play with your favorite characters.</p>",Bandai,Toys & Games > Toys > Collectible Trading Cards,Trading Card Games,"One Piece, TCG, Card Game, New Arrival",TRUE,Title,Default Title,OP-506,500,shopify,deny,manual,32.45,38.94,TRUE,TRUE,https://cdn.shopify.com/s/files/1/0533/2089/files/placeholder-images-image_large.png,1,"Illustration Box IB-08 Inglés",active
mini-case-set-display-vol-3-ts-03-12-sets,"Mini Case Set Display Vol.3 TS-03 (12 Sets) - One Piece Card Game","<p>Expand your catalogue with the fantastic Mini Case Set Display Vol.3 TS-03 (12 Sets) from the One Piece Card Game!</p><p>Get ready to play with your favorite characters.</p>",Bandai,Toys & Games > Toys > Collectible Trading Cards,Trading Card Games,"One Piece, TCG, Card Game, New Arrival",TRUE,Title,Default Title,OP-8779,500,shopify,deny,manual,48.11,57.73,TRUE,TRUE,https://cdn.shopify.com/s/files/1/0533/2089/files/placeholder-images-image_large.png,1,"Mini Case Set Display Vol.3 TS-03 (12 Sets)",active
booster-box-display-op-16-24-sobres-ingl-s,"Booster Box Display OP-16 (24 Sobres) Inglés - One Piece Card Game","<p>Expand your catalogue with the fantastic Booster Box Display OP-16 (24 Sobres) Inglés from the One Piece Card Game!</p><p>Get ready to play with your favorite characters.</p>",Bandai,Toys & Games > Toys > Collectible Trading Cards,Trading Card Games,"One Piece, TCG, Card Game, New Arrival",TRUE,Title,Default Title,OP-5427,500,shopify,deny,manual,54.54,65.45,TRUE,TRUE,https://cdn.shopify.com/s/files/1/0533/2089/files/placeholder-images-image_large.png,1,"Booster Box Display OP-16 (24 Sobres) Inglés",active
double-pack-set-display-dp-11-8-sets-ingl-s,"Double Pack Set Display DP-11 (8 Sets) Inglés - One Piece Card Game","<p>Expand your catalogue with the fantastic Double Pack Set Display DP-11 (8 Sets) Inglés from the One Piece Card Game!</p><p>Get ready to play with your favorite characters.</p>",Bandai,Toys & Games > Toys > Collectible Trading Cards,Trading Card Games,"One Piece, TCG, Card Game, New Arrival",TRUE,Title,Default Title,OP-9180,500,shopify,deny,manual,18.70,22.44,TRUE,TRUE,https://cdn.shopify.com/s/files/1/0533/2089/files/placeholder-images-image_large.png,1,"Double Pack Set Display DP-11 (8 Sets) Inglés",active
fundas-stores-edition-vol-7-12-unidades,"Fundas Stores Edition Vol.7 (12 unidades) - One Piece Card Game","<p>Expand your catalogue with the fantastic Fundas Stores Edition Vol.7 (12 unidades) from the One Piece Card Game!</p><p>Get ready to play with your favorite characters.</p>",Bandai,Toys & Games > Toys > Collectible Trading Cards,Trading Card Games,"One Piece, TCG, Card Game, New Arrival",TRUE,Title,Default Title,OP-8586,500,shopify,deny,manual,18.50,22.20,TRUE,TRUE,https://cdn.shopify.com/s/files/1/0533/2089/files/placeholder-images-image_large.png,1,"Fundas Stores Edition Vol.7 (12 unidades)",active
fundas-standard-4-dise-os-12-unidades,"Fundas Standard 4 diseños (12 unidades) - One Piece Card Game","<p>Expand your catalogue with the fantastic Fundas Standard 4 diseños (12 unidades) from the One Piece Card Game!</p><p>Get ready to play with your favorite characters.</p>",Bandai,Toys & Games > Toys > Collectible Trading Cards,Trading Card Games,"One Piece, TCG, Card Game, New Arrival",TRUE,Title,Default Title,OP-380,500,shopify,deny,manual,15.49,18.59,TRUE,TRUE,https://cdn.shopify.com/s/files/1/0533/2089/files/placeholder-images-image_large.png,1,"Fundas Standard 4 diseños (12 unidades)",active
starter-deck-display-st-23-6-mazos-ingl-s,"Starter Deck Display ST-23 (6 Mazos) Inglés - One Piece Card Game","<p>Expand your catalogue with the fantastic Starter Deck Display ST-23 (6 Mazos) Inglés from the One Piece Card Game!</p><p>Get ready to play with your favorite characters.</p>",Bandai,Toys & Games > Toys > Collectible Trading Cards,Trading Card Games,"One Piece, TCG, Card Game, New Arrival",TRUE,Title,Default Title,OP-8285,500,shopify,deny,manual,23.51,28.21,TRUE,TRUE,https://cdn.shopify.com/s/files/1/0533/2089/files/placeholder-images-image_large.png,1,"Starter Deck Display ST-23 (6 Mazos) Inglés",active
starter-deck-display-st-35-6-mazos-ingl-s,"Starter Deck Display ST-35 (6 Mazos) Inglés - One Piece Card Game","<p>Expand your catalogue with the fantastic Starter Deck Display ST-35 (6 Mazos) Inglés from the One Piece Card Game!</p><p>Get ready to play with your favorite characters.</p>",Bandai,Toys & Games > Toys > Collectible Trading Cards,Trading Card Games,"One Piece, TCG, Card Game, New Arrival",TRUE,Title,Default Title,OP-7234,500,shopify,deny,manual,54.72,65.66,TRUE,TRUE,https://cdn.shopify.com/s/files/1/0533/2089/files/placeholder-images-image_large.png,1,"Starter Deck Display ST-35 (6 Mazos) Inglés",active
starter-deck-display-st-36-6-mazos-ingl-s,"Starter Deck Display ST-36 (6 Mazos) Inglés - One Piece Card Game","<p>Expand your catalogue with the fantastic Starter Deck Display ST-36 (6 Mazos) Inglés from the One Piece Card Game!</p><p>Get ready to play with your favorite characters.</p>",Bandai,Toys & Games > Toys > Collectible Trading Cards,Trading Card Games,"One Piece, TCG, Card Game, New Arrival",TRUE,Title,Default Title,OP-4003,500,shopify,deny,manual,42.32,50.78,TRUE,TRUE,https://cdn.shopify.com/s/files/1/0533/2089/files/placeholder-images-image_large.png,1,"Starter Deck Display ST-36 (6 Mazos) Inglés",active
starter-deck-display-st-34-6-mazos-ingl-s,"Starter Deck Display ST-34 (6 Mazos) Inglés - One Piece Card Game","<p>Expand your catalogue with the fantastic Starter Deck Display ST-34 (6 Mazos) Inglés from the One Piece Card Game!</p><p>Get ready to play with your favorite characters.</p>",Bandai,Toys & Games > Toys > Collectible Trading Cards,Trading Card Games,"One Piece, TCG, Card Game, New Arrival",TRUE,Title,Default Title,OP-5064,500,shopify,deny,manual,55.31,66.37,TRUE,TRUE,https://cdn.shopify.com/s/files/1/0533/2089/files/placeholder-images-image_large.png,1,"Starter Deck Display ST-34 (6 Mazos) Inglés",active
starter-deck-display-st-33-6-mazos-ingl-s,"Starter Deck Display ST-33 (6 Mazos) Inglés - One Piece Card Game","<p>Expand your catalogue with the fantastic Starter Deck Display ST-33 (6 Mazos) Inglés from the One Piece Card Game!</p><p>Get ready to play with your favorite characters.</p>",Bandai,Toys & Games > Toys > Collectible Trading Cards,Trading Card Games,"One Piece, TCG, Card Game, New Arrival",TRUE,Title,Default Title,OP-3347,500,shopify,deny,manual,41.42,49.70,TRUE,TRUE,https://cdn.shopify.com/s/files/1/0533/2089/files/placeholder-images-image_large.png,1,"Starter Deck Display ST-33 (6 Mazos) Inglés",active
starter-deck-display-st-32-6-mazos-ingl-s,"Starter Deck Display ST-32 (6 Mazos) Inglés - One Piece Card Game","<p>Expand your catalogue with the fantastic Starter Deck Display ST-32 (6 Mazos) Inglés from the One Piece Card Game!</p><p>Get ready to play with your favorite characters.</p>",Bandai,Toys & Games > Toys > Collectible Trading Cards,Trading Card Games,"One Piece, TCG, Card Game, New Arrival",TRUE,Title,Default Title,OP-7528,500,shopify,deny,manual,20.84,25.01,TRUE,TRUE,https://cdn.shopify.com/s/files/1/0533/2089/files/placeholder-images-image_large.png,1,"Starter Deck Display ST-32 (6 Mazos) Inglés",active
starter-deck-display-st-31-6-mazos-ingl-s,"Starter Deck Display ST-31 (6 Mazos) Inglés - One Piece Card Game","<p>Expand your catalogue with the fantastic Starter Deck Display ST-31 (6 Mazos) Inglés from the One Piece Card Game!</p><p>Get ready to play with your favorite characters.</p>",Bandai,Toys & Games > Toys > Collectible Trading Cards,Trading Card Games,"One Piece, TCG, Card Game, New Arrival",TRUE,Title,Default Title,OP-3764,500,shopify,deny,manual,34.78,41.74,TRUE,TRUE,https://cdn.shopify.com/s/files/1/0533/2089/files/placeholder-images-image_large.png,1,"Starter Deck Display ST-31 (6 Mazos) Inglés",active
colecci-n-devil-fruits-vol-3-df-03-ingl-s,"Colección Devil Fruits Vol.3 DF-03 Inglés - One Piece Card Game","<p>Expand your catalogue with the fantastic Colección Devil Fruits Vol.3 DF-03 Inglés from the One Piece Card Game!</p><p>Get ready to play with your favorite characters.</p>",Bandai,Toys & Games > Toys > Collectible Trading Cards,Trading Card Games,"One Piece, TCG, Card Game, New Arrival",TRUE,Title,Default Title,OP-2929,500,shopify,deny,manual,14.61,17.53,TRUE,TRUE,https://cdn.shopify.com/s/files/1/0533/2089/files/placeholder-images-image_large.png,1,"Colección Devil Fruits Vol.3 DF-03 Inglés",active
starter-deck-display-st-30-6-mazos-ingl-s,"Starter Deck Display ST-30 (6 Mazos) Inglés - One Piece Card Game","<p>Expand your catalogue with the fantastic Starter Deck Display ST-30 (6 Mazos) Inglés from the One Piece Card Game!</p><p>Get ready to play with your favorite characters.</p>",Bandai,Toys & Games > Toys > Collectible Trading Cards,Trading Card Games,"One Piece, TCG, Card Game, New Arrival",TRUE,Title,Default Title,OP-5837,500,shopify,deny,manual,10.86,13.03,TRUE,TRUE,https://cdn.shopify.com/s/files/1/0533/2089/files/placeholder-images-image_large.png,1,"Starter Deck Display ST-30 (6 Mazos) Inglés",active
booster-box-display-op-15-24-sobres-ingl-s,"Booster Box Display OP-15 (24 Sobres) Inglés - One Piece Card Game","<p>Expand your catalogue with the fantastic Booster Box Display OP-15 (24 Sobres) Inglés from the One Piece Card Game!</p><p>Get ready to play with your favorite characters.</p>",Bandai,Toys & Games > Toys > Collectible Trading Cards,Trading Card Games,"One Piece, TCG, Card Game, New Arrival",TRUE,Title,Default Title,OP-3465,500,shopify,deny,manual,33.40,40.08,TRUE,TRUE,https://cdn.shopify.com/s/files/1/0533/2089/files/placeholder-images-image_large.png,1,"Booster Box Display OP-15 (24 Sobres) Inglés",active
double-pack-set-display-dp-10-8-sets-ingl-s,"Double Pack Set Display DP-10 (8 Sets) Inglés - One Piece Card Game","<p>Expand your catalogue with the fantastic Double Pack Set Display DP-10 (8 Sets) Inglés from the One Piece Card Game!</p><p>Get ready to play with your favorite characters.</p>",Bandai,Toys & Games > Toys > Collectible Trading Cards,Trading Card Games,"One Piece, TCG, Card Game, New Arrival",TRUE,Title,Default Title,OP-2035,500,shopify,deny,manual,42.30,50.76,TRUE,TRUE,https://cdn.shopify.com/s/files/1/0533/2089/files/placeholder-images-image_large.png,1,"Double Pack Set Display DP-10 (8 Sets) Inglés",active
starter-deck-display-st-28-6-mazos-ingl-s,"Starter Deck Display ST-28 (6 Mazos) Inglés - One Piece Card Game","<p>Expand your catalogue with the fantastic Starter Deck Display ST-28 (6 Mazos) Inglés from the One Piece Card Game!</p><p>Get ready to play with your favorite characters.</p>",Bandai,Toys & Games > Toys > Collectible Trading Cards,Trading Card Games,"One Piece, TCG, Card Game, New Arrival",TRUE,Title,Default Title,OP-8090,500,shopify,deny,manual,32.92,39.50,TRUE,TRUE,https://cdn.shopify.com/s/files/1/0533/2089/files/placeholder-images-image_large.png,1,"Starter Deck Display ST-28 (6 Mazos) Inglés",active
starter-deck-display-st-27-6-mazos-ingl-s,"Starter Deck Display ST-27 (6 Mazos) Inglés - One Piece Card Game","<p>Expand your catalogue with the fantastic Starter Deck Display ST-27 (6 Mazos) Inglés from the One Piece Card Game!</p><p>Get ready to play with your favorite characters.</p>",Bandai,Toys & Games > Toys > Collectible Trading Cards,Trading Card Games,"One Piece, TCG, Card Game, New Arrival",TRUE,Title,Default Title,OP-7705,500,shopify,deny,manual,38.25,45.90,TRUE,TRUE,https://cdn.shopify.com/s/files/1/0533/2089/files/placeholder-images-image_large.png,1,"Starter Deck Display ST-27 (6 Mazos) Inglés",active
starter-deck-display-st-26-6-mazos-ingl-s,"Starter Deck Display ST-26 (6 Mazos) Inglés - One Piece Card Game","<p>Expand your catalogue with the fantastic Starter Deck Display ST-26 (6 Mazos) Inglés from the One Piece Card Game!</p><p>Get ready to play with your favorite characters.</p>",Bandai,Toys & Games > Toys > Collectible Trading Cards,Trading Card Games,"One Piece, TCG, Card Game, New Arrival",TRUE,Title,Default Title,OP-249,500,shopify,deny,manual,44.39,53.27,TRUE,TRUE,https://cdn.shopify.com/s/files/1/0533/2089/files/placeholder-images-image_large.png,1,"Starter Deck Display ST-26 (6 Mazos) Inglés",active
starter-deck-display-st-25-6-mazos-ingl-s,"Starter Deck Display ST-25 (6 Mazos) Inglés - One Piece Card Game","<p>Expand your catalogue with the fantastic Starter Deck Display ST-25 (6 Mazos) Inglés from the One Piece Card Game!</p><p>Get ready to play with your favorite characters.</p>",Bandai,Toys & Games > Toys > Collectible Trading Cards,Trading Card Games,"One Piece, TCG, Card Game, New Arrival",TRUE,Title,Default Title,OP-6925,500,shopify,deny,manual,59.48,71.38,TRUE,TRUE,https://cdn.shopify.com/s/files/1/0533/2089/files/placeholder-images-image_large.png,1,"Starter Deck Display ST-25 (6 Mazos) Inglés",active
starter-deck-display-st-24-6-mazos-ingl-s,"Starter Deck Display ST-24 (6 Mazos) Inglés - One Piece Card Game","<p>Expand your catalogue with the fantastic Starter Deck Display ST-24 (6 Mazos) Inglés from the One Piece Card Game!</p><p>Get ready to play with your favorite characters.</p>",Bandai,Toys & Games > Toys > Collectible Trading Cards,Trading Card Games,"One Piece, TCG, Card Game, New Arrival",TRUE,Title,Default Title,OP-4936,500,shopify,deny,manual,16.87,20.24,TRUE,TRUE,https://cdn.shopify.com/s/files/1/0533/2089/files/placeholder-images-image_large.png,1,"Starter Deck Display ST-24 (6 Mazos) Inglés",active
starter-deck-display-3d2y-st-14-6-mazos,"Starter Deck Display 3D2Y ST-14 (6 Mazos) - One Piece Card Game","<p>Expand your catalogue with the fantastic Starter Deck Display 3D2Y ST-14 (6 Mazos) from the One Piece Card Game!</p><p>Get ready to play with your favorite characters.</p>",Bandai,Toys & Games > Toys > Collectible Trading Cards,Trading Card Games,"One Piece, TCG, Card Game, New Arrival",TRUE,Title,Default Title,OP-1124,500,shopify,deny,manual,53.13,63.76,TRUE,TRUE,https://cdn.shopify.com/s/files/1/0533/2089/files/placeholder-images-image_large.png,1,"Starter Deck Display 3D2Y ST-14 (6 Mazos)",active